farm,event_id,event_label,event_start,event_start_id,event_end,event_end_id,event_description,duration_days,category,matched_categories
A,68,anomaly,2015-07-29 13:20:00,52063,2015-08-12 13:10:00,54076,Transformer failure,13.993055555555555,Transformer,Transformer
A,22,anomaly,2021-08-11 09:50:00,51888,2021-08-18 10:00:00,52892,Hydraulic group,7.006944444444445,Hydraulics,Hydraulics
A,72,anomaly,2021-10-09 08:40:00,52497,2021-10-16 08:40:00,53505,Gearbox failure,7.0,Gearbox,Gearbox
A,73,anomaly,2023-06-09 11:40:00,52745,2023-06-16 11:40:00,53753,Hydraulic group,7.0,Hydraulics,Hydraulics
A,0,anomaly,2022-08-05 06:10:00,52436,2022-08-19 06:10:00,54447,Generator bearing failure,14.0,Generator,Generator;Bearing
A,26,anomaly,2020-10-11 10:20:00,52261,2020-10-18 10:20:00,53269,Hydraulic group,7.0,Hydraulics,Hydraulics
A,40,anomaly,2022-12-24 00:00:00,51363,2023-01-24 13:00:00,55870,Generator bearing failure,31.541666666666668,Generator,Generator;Bearing
A,42,anomaly,2023-09-08 15:50:00,52303,2023-09-15 15:50:00,53309,Hydraulic group,7.0,Hydraulics,Hydraulics
A,10,anomaly,2014-10-12 08:40:00,52611,2014-10-19 08:40:00,53591,Gearbox failure,7.0,Gearbox,Gearbox
A,45,anomaly,2020-04-18 18:10:00,52731,2020-04-25 18:10:00,53738,Hydraulic group,7.0,Hydraulics,Hydraulics
A,84,anomaly,2022-09-04 15:30:00,52623,2022-09-11 15:30:00,53627,Hydraulic group,7.0,Hydraulics,Hydraulics
A,25,normal,2023-05-22 06:50:00,52289,2023-06-04 02:30:00,54135,,12.819444444444445,Normal (n/a),
A,69,normal,2023-09-03 00:50:00,52364,2023-09-17 00:50:00,54380,,14.0,Normal (n/a),
A,13,normal,2023-05-02 13:20:00,50859,2023-05-23 10:20:00,53865,,20.875,Normal (n/a),
A,24,normal,2023-04-26 15:00:00,52720,2023-05-10 11:20:00,54714,,13.847222222222221,Normal (n/a),
A,3,normal,2020-04-26 03:00:00,52185,2020-05-17 01:10:00,55198,,20.92361111111111,Normal (n/a),
A,17,normal,2015-11-03 15:20:00,52597,2015-11-17 00:40:00,54513,,13.38888888888889,Normal (n/a),
A,38,normal,2021-06-30 15:40:00,52723,2021-07-14 07:40:00,54546,,13.666666666666666,Normal (n/a),
A,71,normal,2019-01-01 00:00:00,52439,2019-01-15 00:00:00,54455,,14.0,Normal (n/a),
A,14,normal,2022-03-04 14:00:00,52584,2022-03-11 18:40:00,53620,,7.194444444444445,Normal (n/a),
A,92,normal,2020-04-04 02:30:00,52437,2020-04-13 10:00:00,53778,,9.3125,Normal (n/a),
A,51,normal,2015-10-07 01:30:00,52331,2015-10-18 16:10:00,54003,,11.61111111111111,Normal (n/a),
B,34,anomaly,2019-08-25 00:00:00,52531,2019-09-16 00:00:00,55699,high temperature,22.0,Other / unclassified,
B,7,anomaly,2026-06-30 00:00:00,52703,2026-07-31 00:00:00,57167,high temperature,31.0,Other / unclassified,
B,53,anomaly,2019-12-27 16:40:00,52559,2020-02-07 16:30:00,58606,Rotor Bearing 2 - Damage,41.99305555555556,Bearing,Bearing
B,27,anomaly,2018-09-02 00:00:00,52619,2018-11-02 00:00:00,61403,Turbine is stopped due to a main bearing damage,61.0,Bearing,Bearing
B,19,anomaly,2025-02-02 00:00:00,52673,2025-02-22 00:00:00,55553,high temperature,20.0,Other / unclassified,
B,77,anomaly,2019-06-02 00:00:00,52991,2019-08-01 00:00:00,61631,Turbine is in standstill since 01.08 due to rotorbearing damage.,60.0,Bearing,Bearing
B,83,normal,2026-06-30 00:00:00,52329,2026-09-29 00:00:00,65433,,91.0,Normal (n/a),
B,52,normal,2027-07-13 00:00:00,52675,2027-07-27 00:00:00,54691,,14.0,Normal (n/a),
B,21,normal,2020-09-22 20:10:00,52217,2020-10-01 20:10:00,53513,,9.0,Normal (n/a),
B,2,normal,2026-08-08 19:20:00,52703,2026-08-22 04:20:00,54629,,13.375,Normal (n/a),
B,23,normal,2026-09-16 17:30:00,52559,2026-09-26 11:50:00,53965,,9.76388888888889,Normal (n/a),
B,87,normal,2028-09-12 23:00:00,52475,2028-09-28 23:00:00,54779,,16.0,Normal (n/a),
B,74,normal,2028-01-02 23:00:00,52817,2028-01-16 07:00:00,54737,,13.333333333333334,Normal (n/a),
B,86,normal,2026-04-27 17:30:00,52703,2026-05-11 01:10:00,54621,,13.319444444444445,Normal (n/a),
B,82,normal,2028-09-24 23:00:00,52975,2028-10-06 23:00:00,54703,,12.0,Normal (n/a),
C,55,anomaly,2018-10-29 11:30:00,52848,2018-11-15 15:30:00,55320,Harting plug Nacelle/HUB damaged + NCR20_HUB: Wiring blade control system,17.166666666666668,PLC / communication / wiring,PLC / communication / wiring
C,81,anomaly,2019-11-17 01:30:00,52704,2019-11-19 14:00:00,53067,"Converter Failure from 17.11 12:30 - 18.11. 13:57, Fuse Filter Supply ",2.5208333333333335,Converter,Converter
C,47,anomaly,2018-12-23 15:00:00,52416,2018-12-28 13:40:00,53128,"Failure due to Rotorbrake and Hydraulic problemes - Hydraulic pump A disabeld, 2h later turbine back in production - Data shows anomaly in temp_hydraulic_oil_tank_1_average until 15.01.2023",4.944444444444445,Hydraulics,Hydraulics;Rotor brake
C,12,anomaly,2025-06-25 00:00:00,52560,2025-07-17 15:00:00,55818,"10115 : Oil level error, two-pump mode + Oil Leakage Gear Oil Supply + 12019: Rotor brake B cannot be closed + P20_yaw carbon brush damaged",22.625,Gearbox,Gearbox;Yaw;Rotor brake
C,4,anomaly,2026-07-29 10:00:00,52992,2026-08-17 10:00:00,55728,23020 : Axis 3 not ready-to-operate,19.0,Pitch / blade angle,Pitch / blade angle
C,18,anomaly,2025-09-12 00:00:00,51408,2025-09-15 23:50:00,51983,We had some failures (störung 24VAC Versorgung Rotorbremse) on the 16th in the afternoon. From 17th onwards a longer standstill where we don't know the root cause to. ,3.9930555555555554,Rotor brake,Rotor brake
C,28,anomaly,2023-05-27 13:00:00,52704,2023-06-16 20:30:00,55629,P20_spinner_carbonbrush defekt + P20_Accumulators_hydraulic system,20.3125,Hydraulics,Hydraulics
C,39,anomaly,2022-10-18 13:00:00,52848,2022-10-23 15:20:00,53582,15004 : Safety chain relay open + 93005 : Gear oil cooler bypass valve,5.097222222222222,Gearbox,Gearbox
C,66,anomaly,2029-01-15 00:00:00,51696,2029-01-21 13:00:00,52638,"Pitchfailure - defect Beckhoffcard, Axis 2, rectified on 23/01 - Anomalie liegt aber länger an als der Fehler, Batterien waren ok",6.541666666666667,Pitch / blade angle,Pitch / blade angle;PLC / communication / wiring
C,15,anomaly,2019-02-07 00:00:00,51984,2019-02-24 00:00:00,54432,Randomn small failures regarding pitch resulting in a longer standstill due to a defect pitch encoder (26/02),17.0,Pitch / blade angle,Pitch / blade angle
C,78,anomaly,2022-07-29 13:00:00,52560,2022-07-31 14:30:00,52857,P20_Grounding role brake disc + P20_cover-lightning-main-cabinet-hub,2.0625,Other / unclassified,
C,79,anomaly,2025-07-24 09:00:00,52704,2025-07-26 09:00:00,52992,Communication fault BK1120 in NC300,2.0,PLC / communication / wiring,PLC / communication / wiring
C,30,anomaly,2027-12-14 00:00:00,52560,2028-01-05 15:40:00,55822,Pitch failure - defect fan on pitch motor,22.65277777777778,Pitch / blade angle,Pitch / blade angle
C,33,anomaly,2024-08-24 13:00:00,52848,2024-09-13 13:00:00,55728,P20_Blade3_Grease Collector missing,20.0,Other / unclassified,
C,11,anomaly,2022-10-16 12:30:00,52416,2022-11-07 10:30:00,55572,P20_DGUV-v3 RCD 28F1 NC310 defective + 0 : P20_Blades_Cabinet Caps missing,21.916666666666668,PLC / communication / wiring,PLC / communication / wiring
C,44,anomaly,2016-08-03 14:00:00,52704,2016-10-08 02:20:00,62138,Valve in water cooling system was left in wrong position after maintenance actions on 05-08-2020,65.51388888888889,Other / unclassified,
C,49,anomaly,2020-04-01 00:00:00,51840,2020-04-05 03:30:00,52437,Failure 2023-04-05 03:30 - defective coupling between gear oil pump and motor,4.145833333333333,Gearbox,Gearbox
C,31,anomaly,2027-01-17 00:00:00,52848,2027-01-24 02:00:00,53868,Communication and Pitchfailure - slip ring and Beckhoff card,7.083333333333333,Pitch / blade angle,Pitch / blade angle;PLC / communication / wiring
C,67,anomaly,2027-02-01 00:00:00,52704,2027-03-31 00:00:00,61056,Turbine has some issues with overpressure on the main transformer,58.0,Transformer,Transformer
C,9,anomaly,2017-08-05 07:30:00,52992,2017-08-26 09:30:00,56028,PENDING19_PREV_YAW_Grease pump defective,21.083333333333332,Yaw,Yaw
C,91,anomaly,2022-10-11 09:30:00,52704,2022-10-31 12:00:00,55599,23020 : Axis 3 not ready-to-operate,20.104166666666668,Pitch / blade angle,Pitch / blade angle
C,5,anomaly,2020-02-03 00:00:00,52272,2020-02-06 15:00:00,52794,WEC in failure - current measurement own consumption,3.625,Other / unclassified,
C,90,anomaly,2026-08-08 15:00:00,52848,2026-08-20 17:30:00,54591,COMMUNICATION FAULT BK1120 IN NC300 A2,12.104166666666666,PLC / communication / wiring,PLC / communication / wiring
C,70,anomaly,2022-11-09 14:00:00,52560,2022-11-29 17:30:00,55461,"21002 : Axis 1 DC-link voltage low, batt",20.145833333333332,Pitch / blade angle,Pitch / blade angle
C,35,anomaly,2024-09-23 00:00:00,51696,2024-09-29 09:00:00,52614,"Turbine had several short standstills (max 8min) with failure ""Schwingungen Umrichter Drehmomenten Level 1""",6.375,Converter,Converter
C,16,anomaly,2027-12-22 00:00:00,51264,2028-01-05 23:50:00,53423,WEC in failure - hub battery charger defect,14.993055555555555,Other / unclassified,
C,76,anomaly,2020-01-09 00:00:00,51552,2020-01-10 16:50:00,51797,WEC in failure with pitch battery issues - rewiring,1.7013888888888888,Pitch / blade angle,Pitch / blade angle;PLC / communication / wiring
C,8,normal,2024-08-21 17:00:00,52560,2024-09-04 06:30:00,54513,,13.5625,Normal (n/a),
C,85,normal,2029-01-10 13:10:00,50832,2029-01-20 13:10:00,52272,,10.0,Normal (n/a),
C,6,normal,2025-11-30 22:50:00,52560,2025-12-14 22:50:00,54576,,14.0,Normal (n/a),
C,62,normal,2028-11-04 11:00:00,52416,2028-11-11 14:50:00,53447,,7.159722222222222,Normal (n/a),
C,36,normal,2016-08-16 19:50:00,52704,2016-08-29 21:00:00,54439,,13.04861111111111,Normal (n/a),
C,56,normal,2026-07-27 05:50:00,51120,2026-08-10 04:20:00,53127,,13.9375,Normal (n/a),
C,94,normal,2020-06-12 10:40:00,52416,2020-06-22 10:40:00,53856,,10.0,Normal (n/a),
C,54,normal,2023-02-02 09:20:00,52992,2023-02-13 09:20:00,54576,,11.0,Normal (n/a),
C,43,normal,2024-08-15 03:10:00,52992,2024-08-28 03:10:00,54864,,13.0,Normal (n/a),
C,50,normal,2027-11-04 00:00:00,52128,2027-11-18 00:00:00,54144,,14.0,Normal (n/a),
C,64,normal,2027-09-22 00:30:00,52560,2027-10-02 00:30:00,54000,,10.0,Normal (n/a),
C,46,normal,2024-05-09 06:50:00,52560,2024-05-23 03:30:00,54556,,13.86111111111111,Normal (n/a),
C,65,normal,2019-11-06 04:20:00,52992,2019-11-20 11:50:00,55053,,14.3125,Normal (n/a),
C,61,normal,2017-05-08 00:00:00,52992,2017-05-22 00:00:00,55008,,14.0,Normal (n/a),
C,93,normal,2023-08-01 15:50:00,52704,2023-08-23 15:50:00,55872,,22.0,Normal (n/a),
C,75,normal,2022-05-03 11:10:00,52992,2022-05-22 11:10:00,55728,,19.0,Normal (n/a),
C,41,normal,2028-01-15 05:00:00,51552,2028-02-11 18:30:00,55521,,27.5625,Normal (n/a),
C,58,normal,2015-10-16 08:40:00,52992,2015-10-26 08:40:00,54432,,10.0,Normal (n/a),
C,48,normal,2020-04-25 12:00:00,52848,2020-05-08 12:00:00,54720,,13.0,Normal (n/a),
C,88,normal,2025-10-01 00:00:00,52704,2025-10-15 00:00:00,54720,,14.0,Normal (n/a),
C,57,normal,2029-04-27 05:40:00,52992,2029-05-09 05:40:00,54720,,12.0,Normal (n/a),
C,32,normal,2025-09-27 05:20:00,52560,2025-10-10 05:20:00,54432,,13.0,Normal (n/a),
C,89,normal,2025-03-05 01:10:00,51840,2025-03-18 01:10:00,53712,,13.0,Normal (n/a),
C,59,normal,2020-02-17 00:00:00,52128,2020-03-02 00:00:00,54144,,14.0,Normal (n/a),
C,63,normal,2016-07-06 23:10:00,52704,2016-07-16 23:10:00,54144,,10.0,Normal (n/a),
C,80,normal,2018-10-07 02:10:00,52560,2018-10-21 10:10:00,54624,,14.333333333333334,Normal (n/a),
C,37,normal,2029-02-26 18:00:00,51552,2029-03-10 18:00:00,53280,,12.0,Normal (n/a),
C,29,normal,2028-03-07 02:00:00,52704,2028-03-21 02:00:00,54720,,14.0,Normal (n/a),
C,1,normal,2026-10-01 00:00:00,51552,2026-10-12 00:00:00,53136,,11.0,Normal (n/a),
C,20,normal,2027-07-13 01:10:00,51696,2027-07-23 01:10:00,53136,,10.0,Normal (n/a),
C,60,normal,2025-02-16 05:30:00,52416,2025-02-27 05:30:00,54000,,11.0,Normal (n/a),
